Antichamber,Steam,
Arma 2,Steam,
Arma 2: British Armed Forces,Steam,
Arma 2: DayZ Mod,Steam,
Arma 2: Operation Arrowhead,Steam,
Arma 2: Operation Arrowhead Beta (Obsolete),Steam,
Arma 2: Private Military Company,Steam,
Assassin's Creed IV Black Flag,Steam,
Assassin's Creed® III,Steam,
Baldur's Gate: Enhanced Edition,Steam,
Banished,Steam,
Batman: Arkham Asylum GOTY Edition,Steam,
Batman: Arkham City GOTY,Steam,
Batman: Arkham City™,Steam,
Batman™: Arkham Origins,Steam,
BEEP,Steam,
BioShock Infinite,Steam,
Borderlands 2,Steam,
Breath of Death VII,Steam,
Broforce,Steam,
Bulletstorm,Steam,
Bully: Scholarship Edition,Steam,
Call of Juarez Gunslinger,Steam,
Car Mechanic Simulator 2014,Steam,
Cargo Commander,Steam,
Castle Story,Steam,
CastleStorm,Steam,
Command and Conquer 3: Kane's Wrath,Steam,
Command and Conquer 3: Tiberium Wars,Steam,
Command and Conquer: Red Alert 3,Steam,
Command and Conquer: Red Alert 3 - Uprising,Steam,
Company of Heroes,Steam,
Company of Heroes (New Steam Version),Steam,
Company of Heroes: Opposing Fronts,Steam,
Company of Heroes: Tales of Valor,Steam,
"Cook, Serve, Delicious!",Steam,
Costume Quest,Steam,
Counter-Strike: Global Offensive,Steam,
Counter-Strike: Source,Steam,
Craft The World,Steam,
Crysis,Steam,
Crysis 2 Maximum Edition,Steam,
Crysis Warhead,Steam,
Crysis Wars,Steam,
Cthulhu Saves the World,Steam,
Darksiders,Steam,
Deadpool,Steam,
Defender's Quest: Valley of the Forgotten,Steam,
Demigod,Steam,
Democracy 3,Steam,
"Demolition, Inc.",Steam,
Deus Ex: Human Revolution,Steam,
Dishonored,Steam,
DLC Quest,Steam,
DmC Devil May Cry,Steam,
Don't Starve,Steam,
Duke Nukem Forever,Steam,
DUNGEONS - The Dark Lord (Steam Special Edition),Steam,
EDGE,Steam,
Eets,Steam,
Endless Space,Steam,
Epic Battle Fantasy 4,Steam,
Euro Truck Simulator 2,Steam,
F.E.A.R.,Steam,
F.E.A.R. 2: Project Origin,Steam,
F.E.A.R.: Extraction Point,Steam,
F.E.A.R.: Perseus Mandate,Steam,
Fable - The Lost Chapters,Steam,
Fable III,Steam,
Fallen Enchantress: Legendary Heroes,Steam,
Fallout 3 - Game of the Year Edition,Steam,
Fallout New Vegas: Courier's Stash,Steam,
Fallout New Vegas: Dead Money,Steam,
Fallout New Vegas: Honest Hearts,Steam,
Fallout: New Vegas,Steam,
Far Cry 2,Steam,
Far Cry 2: Fortunes Pack,Steam,
Far Cry® 3,Steam,
FINAL FANTASY VII,Steam,
FlatOut: Ultimate Carnage,Steam,
From Dust,Steam,
Future Wars,Steam,
Galactic Civilizations® II: Ultimate Edition,Steam,
Game Dev Tycoon,Steam,
Game of Thrones,Steam,
Garry's Mod,Steam,
Gnomoria,Steam,
Goat Simulator,Steam,
Grand Ages: Rome,Steam,
Grand Theft Auto IV,Steam,
Grand Theft Auto: Episodes from Liberty City,Steam,
Greed Corp,Steam,
Grimm,Steam,
Guacamelee! Gold Edition,Steam,
Gunpoint,Steam,
Half-Life 2,Steam,
Half-Life 2: Deathmatch,Steam,
Half-Life 2: Episode One,Steam,
Half-Life 2: Episode Two,Steam,
Half-Life 2: Lost Coast,Steam,
Half-Life Deathmatch: Source,Steam,
Half-Life: Source,Steam,
Hitman: Absolution,Steam,
Hitman: Sniper Challenge,Steam,
Homefront,Steam,
How to Survive,Steam,
iBomber Defense,Steam,
Indiana Jones and the Fate of Atlantis,Steam,
Indiana Jones and the Last Crusade,Steam,
Just Cause 2,Steam,
Kerbal Space Program,Steam,
Kinetic Void,Steam,
Kingdoms of Amalur: Reckoning™,Steam,
L.A. Noire,Steam,
Legendary,Steam,
LEGO Lord of the Rings,Steam,
Lichdom: Battlemage,Steam,
Life is Feudal: Your Own,Steam,
Lightfish,Steam,
Little Inferno,Steam,
LocoCycle,Steam,
Loom,Steam,
Lords of the Black Sun,Steam,
Magicka,Steam,
Mass Effect 2,Steam,
METAL GEAR RISING: REVENGEANCE,Steam,
METAL SLUG 3,Steam,
Metro 2033,Steam,
Nail'd,Steam,
Omerta - City of Gangsters,Steam,
Orcs Must Die!,Steam,
Orcs Must Die! 2,Steam,
Organ Trail: Director's Cut,Steam,
Osmos,Steam,
Out of the Park Baseball 14,Steam,
"Papers, Please",Steam,
PAYDAY 2,Steam,
Penny Arcade's On the Rain-Slick Precipice of Darkness 3,Steam,
Penny Arcade's On the Rain-Slick Precipice of Darkness 4,Steam,
Planet Explorers,Steam,
Planetary Annihilation,Steam,
Poker Night 2,Steam,
Portal,Steam,
Portal 2,Steam,
Prison Architect,Steam,
Proteus,Steam,
Prototype,Steam,
PROTOTYPE 2,Steam,
Psychonauts,Steam,
Q.U.B.E.,Steam,
Q.U.B.E: Director's Cut,Steam,
RAGE,Steam,
Red Faction: Armageddon,Steam,
Red Faction: Guerrilla,Steam,
Redshirt,Steam,
Renegade Ops,Steam,
Reus,Steam,
Rise of Nations: Extended Edition,Steam,
Rochard,Steam,
Rock of Ages,Steam,
Rogue Legacy,Steam,
RollerCoaster Tycoon 3: Platinum!,Steam,
RUSH,Steam,
S.T.A.L.K.E.R.: Call of Pripyat,Steam,
S.T.A.L.K.E.R.: Clear Sky,Steam,
S.T.A.L.K.E.R.: Shadow of Chernobyl,Steam,
Saints Row 2,Steam,
Saints Row IV,Steam,
Saints Row: The Third,Steam,
Sam & Max 101: Culture Shock,Steam,
Sam & Max 102: Situation: Comedy,Steam,
"Sam & Max 103: The Mole, the Mob and the Meatball",Steam,
Sam & Max 105: Reality 2.0,Steam,
Sam & Max 106: Bright Side of the Moon,Steam,
Sam & Max 201: Ice Station Santa,Steam,
Sam & Max 202: Moai Better Blues,Steam,
Sam & Max 203: Night of the Raving Dead,Steam,
Sam & Max 204: Chariots of the Dogs,Steam,
Sam & Max 205: What's New Beelzebub?,Steam,
Sam & Max 301: The Penal Zone,Steam,
Sam & Max 302: The Tomb of Sammun-Mak,Steam,
Sam & Max 303: They Stole Max's Brain!,Steam,
Sam & Max 304: Beyond the Alley of the Dolls,Steam,
Sam & Max 305: The City that Dares not Sleep,Steam,
Serious Sam 3: BFE,Steam,
Ship Simulator Extremes,Steam,
Sid Meier's Civilization IV,Steam,
Sid Meier's Civilization IV,Steam,
Sid Meier's Civilization IV: Beyond the Sword,Steam,
Sid Meier's Civilization IV: Beyond the Sword,Steam,
Sid Meier's Civilization IV: Colonization,Steam,
Sid Meier's Civilization IV: Colonization,Steam,
Sid Meier's Civilization IV: Warlords,Steam,
Sid Meier's Civilization IV: Warlords,Steam,
Sid Meier's Civilization V,Steam,
Sid Meier's Civilization V: Brave New World,Steam,
Silent Hunter 5: Battle of the Atlantic,Steam,
SimCity 4 Deluxe,Steam,
Sins of a Solar Empire®: Rebellion,Steam,
Sins of a Solar Empire®: Trinity,Steam,
Skyward Collapse,Steam,
Sleeping Dogs™,Steam,
Solar 2,Steam,
Space Engineers,Steam,
Space Pirates and Zombies,Steam,
Spacebase DF-9,Steam,
Spec Ops: The Line,Steam,
Stacking,Steam,
Star Wars - Battlefront II,Steam,
Star Wars Republic Commando,Steam,
Star Wars: Empire at War Gold,Steam,
Star Wars: Knights of the Old Republic,Steam,
Star Wars: Knights of the Old Republic II,Steam,
Star Wars: The Force Unleashed II,Steam,
Star Wars: The Force Unleashed Ultimate Sith Edition,Steam,
StarForge,Steam,
Supreme Commander 2,Steam,
Surgeon Simulator,Steam,
Team Fortress 2,Steam,
Terraria,Steam,
The Bureau: XCOM Declassified,Steam,
The Cave,Steam,
The Darkness II,Steam,
The Dig,Steam,
The Elder Scrolls III: Morrowind,Steam,
The Elder Scrolls IV: Oblivion,Steam,
The Elder Scrolls V: Skyrim,Steam,
The Expendabros,Steam,
The Stanley Parable,Steam,
The Walking Dead,Steam,
The Wonderful End of the World,Steam,
Thief 2,Steam,
Thirty Flights of Loving,Steam,
Thomas Was Alone,Steam,
Ticket to Ride,Steam,
Tiny and Big: Grandpa's Leftovers,Steam,
Titan Quest,Steam,
Toki Tori,Steam,
Tomb Raider,Steam,
Torchlight II,Steam,
Total War: SHOGUN 2,Steam,
Tower Wars,Steam,
Towns,Steam,
Train Simulator 2015,Steam,
Tropico 4,Steam,
Turbo Dismount,Steam,
Under the Ocean,Steam,
Universe Sandbox,Steam,
Unreal Tournament 3: Black Edition,Steam,
Urban Trial Freestyle,Steam,
Viscera Cleanup Detail,Steam,
Viscera Cleanup Detail: Santa's Rampage,Steam,
Viscera Cleanup Detail: Shadow Warrior,Steam,
"Warhammer 40,000 Space Marine",Steam,
"Warhammer 40,000: Dawn of War - Game of the Year Edition",Steam,
"Warhammer® 40,000™: Dawn of War® II",Steam,
"Warhammer® 40,000™: Dawn of War® II - Chaos Rising™",Steam,
"Warhammer® 40,000™: Dawn of War® II – Retribution™",Steam,
WARP,Steam,
Wolfenstein: The New Order,Steam,
World of Goo,Steam,
X3: Albion Prelude,Steam,
X3: Terran Conflict,Steam,
XCOM: Enemy Unknown,Steam,
XCOM: Enemy Within,Steam,
Alan Wake's American Nightmare,GOG.com,
Aqua Kitty: Milk Mine Defender,GOG.com,
Arcanum: Of Steamworks and Magick Obscura,GOG.com,
Avernum: The Complete Saga,GOG.com,
Back to the Future: The Game,GOG.com,
"Ball, The",GOG.com,
Battle Worlds: Kronos,GOG.com,
Beneath a Steel Sky,GOG.com,
Beyond Good & Evil™,GOG.com,
Blood: One Unit Whole Blood,GOG.com,
Broken Age Season Pass,GOG.com,
Brutal Legend,GOG.com,
Call to Power 2,GOG.com,
"Chronicles of Riddick: Assault on Dark Athena, The",GOG.com,
"Consortium: Master Edition, The",GOG.com,
Crusader: No Regret™,GOG.com,
Crusader: No Remorse™,GOG.com,
Deponia,GOG.com,
Divinity: Dragon Commander + 1 DLC,GOG.com,
Dragonsphere,GOG.com,
Duke Nukem 3D Atomic Edition,GOG.com,
Dungeon Keeper™ 2,GOG.com,
Dungeon Keeper Gold™,GOG.com,
Eador. Masters of the Broken World,GOG.com,
Empire Earth 2 Gold Edition,GOG.com,
Empire Earth 3,GOG.com,
Empire Earth Gold Edition,GOG.com,
Evil Genius,GOG.com,
Evoland,GOG.com,
FRACT OSC,GOG.com,
FTL: Advanced Edition,GOG.com,
Geneforge Saga,GOG.com,
Giana Sisters: Rise of the Owlverlord,GOG.com,
Hotline Miami,GOG.com,
I Have No Mouth And I Must Scream,GOG.com,
Jazzpunk,GOG.com,
Judge Dredd: Dredd vs Death,GOG.com,
King of Dragon Pass,GOG.com,
King’s Bounty: Crossworlds GOTY,GOG.com,
Long Live the Queen,GOG.com,
Lucius,GOG.com,
Lure of the Temptress,GOG.com,
Magic Carpet Plus™,GOG.com,
Magrunner: Dark Pulse,GOG.com,
Neverwinter Nights 2 Complete,GOG.com,
Octodad: Dadliest Catch,GOG.com,
"Penumbra Collection, The",GOG.com,
Pharaoh + Cleopatra,GOG.com,
PixelJunk Shooter,GOG.com,
Puddle,GOG.com,
Red Faction 2,GOG.com,
Retro City Rampage,GOG.com,
Rise of the Triad (2013),GOG.com,
Risen,GOG.com,
Risen 2: Dark Waters + 1 DLC,GOG.com,
RollerCoaster Tycoon: Deluxe,GOG.com,
S2: Silent Storm Gold Edition,GOG.com,
Shadowrun Returns,GOG.com,
Sid Meier's Alpha Centauri™ Planetary Pack,GOG.com,
SimCity™ 2000 Special Edition,GOG.com,
"Sir, You Are Being Hunted",GOG.com,
Smugglers V,GOG.com,
Spacechem,GOG.com,
Spellforce Platinum,GOG.com,
Startopia,GOG.com,
Still Life 2,GOG.com,
Strike Suit Zero,GOG.com,
Stronghold Crusader HD,GOG.com,
Symphony,GOG.com,
System Shock™ 2,GOG.com,
Tales From Space: Mutant Blobs Attack,GOG.com,
Teenagent,GOG.com,
Theme Hospital,GOG.com,
Tyrian 2000,GOG.com,
Unmechanical,GOG.com,
Unreal 2: The Awakening Special Edition,GOG.com,
Unreal Gold,GOG.com,
Unreal Tournament 2004 Editor's Choice Edition,GOG.com,
Unreal Tournament GOTY,GOG.com,
Zafehouse: Diaries,GOG.com,
Zeus + Poseidon (Acropolis) ,GOG.com,
Anomaly Warzone Earth,Humble Store,Mac
Aquaria,Humble Store,Mac
Battle Frogs,Humble Store,Mac
"Cook, Serve, Delicious!",Humble Store,Mac
Crayon Physics Deluxe,Humble Store,Mac
DEFCON,Humble Store,Mac
Darwinia,Humble Store,Mac
Dungeons of Dredmor,Humble Store,Mac
EDGE,Humble Store,Mac
Endless Nuclear Kittens,Humble Store,Mac
Low Light Combat,Humble Store,Mac
Multiwinia,Humble Store,Mac
Nuclear Pizza War,Humble Store,Mac
Osmos,Humble Store,Mac
Out of the Park Baseball 14,Humble Store,Mac
Space Hunk,Humble Store,Mac
Tektonik,Humble Store,Mac
Toki Tori,Humble Store,Mac
Uplink,Humble Store,Mac
World Of Goo,Humble Store,Mac
Anomaly Warzone Earth,Humble Store,Windows
Aquaria,Humble Store,Windows
Battle Frogs,Humble Store,Windows
City Generator Tech Demo,Humble Store,Windows
"Cook, Serve, Delicious!",Humble Store,Windows
Crayon Physics Deluxe,Humble Store,Windows
DEFCON,Humble Store,Windows
Darwinia,Humble Store,Windows
Dungeons of Dredmor,Humble Store,Windows
EDGE,Humble Store,Windows
Endless Nuclear Kittens,Humble Store,Windows
Low Light Combat,Humble Store,Windows
Multiwinia,Humble Store,Windows
Nuclear Pizza War,Humble Store,Windows
Osmos,Humble Store,Windows
Out of the Park Baseball 14,Humble Store,Windows
Space Hunk,Humble Store,Windows
Tektonik,Humble Store,Windows
Toki Tori,Humble Store,Windows
Universe Sandbox,Humble Store,Windows
Uplink,Humble Store,Windows
Voxel Tech Demo,Humble Store,Windows
Wasteland Kings,Humble Store,Windows
World Of Goo,Humble Store,Windows
Assassin's Creed II,CD/DVD,
The Sims 3,CD/DVD,
Starcraft II,CD/DVD,
Dead Rising 2,CD/DVD,
Command and Conquer Tiberium Wars,CD/DVD,
The Elder Scrolls IV: Oblivion,CD/DVD,
Age of Empires Gold.iso,File,
Anno 1404 - Dawn of Discovery.iso,File,
Audiosurf.rar,File,
Borderlands.iso,File,
Call of Duty 4.7z,File,
Call of Duty World at War.iso,File,
Crashtastic.exe,File,
Eufloria.exe,File,
Ghostmaster.ISO,File,
Kudos 2.exe,File,
Penny Arcade - On the Rainslick Precipice of Darkness Episode 1.exe,File,
Penny Arcade - On the Rainslick Precipice of Darkness Episode 2.exe,File,
Postal 2.nrg,File,
Prince of Persia - Warrior Within.rar,File,
SPORE.iso,File,
The Maw.iso,File,
The Settlers 7.iso,File,
Thief 3.iso,File,
Tropico 3.iso,File,
Alien Shooter 2 Reloaded,Folder,
Amnesia - The Dark Descent,Folder,
Assassins Creed,Folder,
Bastion,Folder,
Braid,Folder,
Call of Juarez - Bound in Blood,Folder,
Chime,Folder,
Command Conquer 4 Tiberian Twilight,Folder,
Deus Ex,Folder,
Diablo III,Folder,
Dragon Age Origins,Folder,
Driver San Francisco - Standard Edition (Download) (RUN INSTALLER IN COMPATIBILITY MODE),Folder,
Far Cry 3 - Blood Dragon,Folder,
Geometry Wars Retro Evolved,Folder,
Good Old Games Backup,Folder,
GRAW 2,Folder,
GTA2,Folder,
Guild Wars 2,Folder,
Heroes of Might and Magic IV,Folder,
Heroes of Might and Magic V,Folder,
Humble Bundle,Folder,
Kings Bounty Warriors of the North,Folder,
Kudos 2,Folder,
League of Legends,Folder,
Left 4 Dead,Folder,
LEGO Star Wars 1 & 2,Folder,
Majesty 2 - The Fantasy Kingdom Sim,Folder,
Mass Effect,Folder,
Mercenaries 2 - World in Flames,Folder,
Monopoly 2008,Folder,
Nation Red,Folder,
Popcap Game Collection,Folder,
Prince of Persia - Sands of Time,Folder,
Prisoner of War,Folder,
Rayman Raving Rabbids,Folder,
Risk Factions,Folder,
Shatter,Folder,
Sid Meier's Railroads,Folder,
Simcity 3000 Unlimited,Folder,
Sol Survivor,Folder,
Spectromancer,Folder,
Star Trek Legacy,Folder,
StarCraft II,Folder,
The Bridge,Folder,
The Dig,Folder,
The Last Remnant,Folder,
The Misadventures of P.G. Winterbottom,Folder,
The Political Machine 2008,Folder,
The Secret of Monkey Island Special Edition,Folder,
TimeShift,Folder,
Tom Clancy's H.A.W.X,Folder,
Torchlight,Folder,
Warcraft III 1.21b Rain of Chaos,Folder,
Warcraft III 1.21b The Frozen Throne,Folder,
World of Warcraft,Folder,
Zombie Driver,Folder,
